Title,Address,Phone,Website
T & W Greenhouse Supplies Pty,"Farmers, Kemps Creek, NSW 2178",0272019746,https://www.tandwgreenhouse.com
Youlden Valley,"Farmers, Tomingley, NSW 2869",0438541399,http://www.youldenvalley.net
The Farm Byron Bay,"Farmers, Ewingsdale, NSW 2481",0266847888,http://www.thefarmbyronbay.com.au
Notman Seeds,"Farmers, Poowong, VIC 3988",0356592314,http://www.notmanpasture.com.au
THE FARMERS PLACE,"Farmers, Freshwater Creek, VIC 3217",0499333093,http://www.thefarmersplace.com.au
Euri Gold Farms,"Farmers, Bowen, QLD 4805",0747852942,https://www.facebook.com/EURI-GOLD-FARMS-498862266843810
Moorookyle Park,"Farmers, Smeaton, VIC 3364",0427456385,http://moorookylepark.com.au
Houston's Farm,"Farmers, Cambridge, TAS 7170",0362485233,http://www.houstonsfarm.com.au
Kenton Valley Cherries,"Farmers, Gumeracha, SA 5233",0883891881,http://www.kentonvalleycherries.com.au
The Mitolo Group,"Farmers, Virginia, SA 5120",0882829000,http://www.mitologroup.com.au/index.html
Dumaresq River Produce,"Farmers, Tenterfield, NSW 2372",0267375284,http://www.dumaresqriverproduce.com
Providence Farm,"Farmers, Beechmont, QLD 4211",0407151937,https://www.theprovidencefarmhall.com
Wickham Farms Killarney,"Farmers, Killarney, QLD 4373",0746641455,https://www.wickhamfarms.com.au
Walcha Council NSW,"Farmers, Walcha, NSW 2354",0267742460,http://walchansw.com.au
Babylon Farm,"Farmers, Murrumbateman, NSW 2582",0477330598,http://www.babylonfarm.com.au
Care Outreach,"Farmers, Coolum Beach, QLD 4573",0754717636,https://careoutreach.com.au
Mackay Sugar Limited,"Farmers, Marian, QLD 4753",0749538741,https://www.mackaysugar.com.au/Pages/default.aspx
NQ Farmshed,"Farmers, Paget, QLD 4740",0749695544,https://nqfs.com.au
The Orchard Perth,"Farmers, Lower Chittering, WA 6084",//theorchardperth.com.au,https://theorchardperth.com.au
O'Driscoll E J,"Farmers, Grass Valley, WA 6403",0896229521,http://www.odproduce.com.au
Fords Farm,"Farmers, Laughtondale, NSW 2775",0245663127,http://www.fordsfarm.com.au
Denning N T & C E,"Farmers, Pittsworth, QLD 4356",0428718533,http://www.burwoodstud.com
Springhill Farm,"Farmers, Delacombe, VIC 3356",0353356800,http://www.springhillfarm.com.au
C & L Nastasi & Sons Pty Ltd,"Farmers, Biboohra, QLD 4880",0740932577,http://www.goldendrop.com.au
Green Ant Farm,"Farmers, Woopen Creek, QLD 4871",0740676928,http://www.greenantfarm.com
Kyeema Springs Beef,"Farmers, Kyeema, SA 5172",0885567373,http://www.happymeat.com.au
Watkins Family Mandarin Farm,"Farmers, Laughtondale, NSW 2775",0418233466,http://www.watkinsfarm.com.au
